role,message
ADMIN,Le réseau principal est stable merci pour votre supervision.
ADMIN,Les indicateurs de disponibilité sont excellents aujourd hui.
ADMIN,Aucune alerte critique detectee sur le coeur de reseau.
ADMIN,La securite des acces est conforme et bien surveillee.
ADMIN,Le trafic FTTH reste fluide grace a votre pilotage.
ADMIN,Les tableaux de bord confirment une infrastructure saine.
ADMIN,La maintenance preventive est bien executee ce matin.
ADMIN,Les mises a jour sont deployees sans interruption de service.
ADMIN,Le systeme de supervision fonctionne de maniere optimale.
ADMIN,La qualite de service est maintenue a un tres bon niveau.
ADMIN,Les performances du reseau sont au dessus des objectifs.
ADMIN,Les incidents ouverts diminuent de maniere continue.
ADMIN,La stabilite du backbone est excellente merci pour le suivi.
ADMIN,La coordination technique est efficace et rassurante.
ADMIN,Les alertes NOC sont bien traitees dans les delais.
ADMIN,La disponibilite des equipements reste tres elevee.
ADMIN,Les actions correctives ont donne de bons resultats.
ADMIN,Le plan de continuite est operationnel et maitrise.
ADMIN,La supervision multi zones est claire et bien organisee.
ADMIN,Le reseau est sous controle continuez comme ca.
TECHNICIEN,Bon courage sur le terrain votre travail fait la difference.
TECHNICIEN,Chaque raccordement propre ameliore la qualite client.
TECHNICIEN,Prenez le temps de verifier chaque soudure.
TECHNICIEN,Intervention soignee aujourd hui excellent reflexe.
TECHNICIEN,Votre expertise terrain garantit un reseau fiable.
TECHNICIEN,Merci pour votre rigueur sur les boitiers et PTO.
TECHNICIEN,La securite avant tout sur chaque deplacement.
TECHNICIEN,Vous avancez bien sur les tickets prioritaires.
TECHNICIEN,Un diagnostic precis permet une resolution plus rapide.
TECHNICIEN,Bravo pour votre reactivite sur les urgences.
TECHNICIEN,Le client apprecie votre professionnalisme sur site.
TECHNICIEN,Continuez ce rythme vous etes tres efficace.
TECHNICIEN,Votre controle final limite les retours incident.
TECHNICIEN,Merci pour votre engagement sur les interventions complexes.
TECHNICIEN,Chaque ligne remise en service compte pour les clients.
TECHNICIEN,Vos comptes rendus clairs aident toute l equipe.
TECHNICIEN,La qualite de pose est tres bonne aujourd hui.
TECHNICIEN,Vous gerez bien la pression sur les periodes chargees.
TECHNICIEN,Votre maitrise technique renforce la stabilite du reseau.
TECHNICIEN,Excellente progression continuez avec la meme discipline.
RESPONSABLE,Les KPI de la zone progressent dans la bonne direction.
RESPONSABLE,La coordination des equipes est efficace et stable.
RESPONSABLE,Les delais d intervention sont mieux maitrises.
RESPONSABLE,Votre planification quotidienne est bien equilibree.
RESPONSABLE,Les retours clients restent positifs merci pour le pilotage.
RESPONSABLE,Le taux de resolution au premier passage augmente.
RESPONSABLE,La priorisation des urgences est pertinente et rapide.
RESPONSABLE,Les points de suivi permettent des decisions claires.
RESPONSABLE,La dynamique d equipe est bonne continuez ce cadre.
RESPONSABLE,Les objectifs hebdomadaires sont en voie d etre atteints.
RESPONSABLE,La charge terrain est mieux repartie entre techniciens.
RESPONSABLE,Les risques operationnels sont bien anticipees.
RESPONSABLE,Votre communication interne fluidifie les interventions.
RESPONSABLE,La qualite de service de la zone est solide.
RESPONSABLE,Les incidents recurrents baissent grace au suivi.
RESPONSABLE,Les audits internes montrent de bons standards.
RESPONSABLE,Le niveau de disponibilite reseau reste eleve.
RESPONSABLE,Votre management favorise la regularite des resultats.
RESPONSABLE,Les plans d action produisent des effets concrets.
RESPONSABLE,Bravo pour la cohesion et la performance de votre equipe.
CLIENT,Merci pour votre confiance votre connexion est suivie.
CLIENT,Votre service fibre fonctionne correctement aujourd hui.
CLIENT,Nous restons mobilises pour maintenir une connexion stable.
CLIENT,Votre satisfaction est notre priorite quotidienne.
CLIENT,Profitez pleinement de votre debit tres haut.
CLIENT,Nos equipes veillent a la qualite de votre ligne.
CLIENT,Navigation fluide et service stable nous restons disponibles.
CLIENT,Merci de rester avec nous bonne journee.
CLIENT,Votre espace client est pret pour suivre vos services.
CLIENT,La connexion de votre domicile est actuellement optimale.
CLIENT,Nous surveillons le reseau pour garantir la continuite.
CLIENT,Votre confort numerique est au coeur de nos actions.
CLIENT,Nous faisons le maximum pour un service sans coupure.
CLIENT,La qualite du reseau est stable sur votre zone.
CLIENT,Vous pouvez compter sur notre support en cas de besoin.
CLIENT,Nos techniciens interviennent rapidement si necessaire.
CLIENT,Merci pour vos retours ils nous aident a progresser.
CLIENT,Nous vous souhaitons une excellente experience internet.
CLIENT,Votre connexion fibre est prete pour tous vos usages.
CLIENT,Bonne navigation et merci pour votre fidelite.
ADMIN,Le monitoring temps reel confirme une stabilite continue.
ADMIN,Les seuils de qualite sont respectes sur toutes les zones.
ADMIN,Le plan de reprise est teste et operationnel.
ADMIN,Le controle des incidents est efficace et bien cadence.
ADMIN,La disponibilite du service reste exemplaire cette semaine.
ADMIN,Les interventions preventives limitent les risques reseau.
ADMIN,Le niveau de service global reste au dessus de la cible.
ADMIN,La gouvernance technique est claire et bien appliquee.
ADMIN,Les points de vigilance sont traites sans retard.
ADMIN,Le pilotage capacitaire maintient un reseau equilibré.
ADMIN,Les equipements critiques affichent une sante optimale.
ADMIN,La supervision proactive reduit les interruptions client.
ADMIN,Les flux backbone sont maitrises sans saturation.
ADMIN,Le suivi des tickets prioritaires est rigoureux.
ADMIN,Les equipes exploitent bien les alertes de supervision.
ADMIN,Le taux de disponibilite atteint un excellent niveau.
ADMIN,La qualite de transit est constante sur la periode.
ADMIN,Le dispositif de securite reseau reste performant.
ADMIN,Les mises en production sont realisees sans regression.
ADMIN,La gestion des capacites anticipe bien la demande.
ADMIN,Le service FTTH reste fiable grace a votre vigilance.
ADMIN,Le reporting quotidien montre une nette progression.
ADMIN,Les incidents majeurs sont contenus avec efficacite.
ADMIN,La qualite operationnelle est bien maintenue.
ADMIN,La trajectoire de performance est tres positive.
TECHNICIEN,Merci pour votre precision sur les raccordements sensibles.
TECHNICIEN,La verification des niveaux optiques est tres bien faite.
TECHNICIEN,Votre intervention rapide a limite l impact client.
TECHNICIEN,Excellent reflexe sur la priorite urgente du jour.
TECHNICIEN,La remise en service a ete realisee proprement.
TECHNICIEN,Votre compte rendu technique est clair et utile.
TECHNICIEN,La preparation du materiel est exemplaire.
TECHNICIEN,Vous appliquez tres bien les procedures de securite.
TECHNICIEN,Le cablage est propre et conforme aux standards.
TECHNICIEN,Votre analyse de panne a ete pertinente et rapide.
TECHNICIEN,La communication client pendant intervention est excellente.
TECHNICIEN,Le controle qualite final est bien documente.
TECHNICIEN,La gestion des delais est maitrisée sur vos tickets.
TECHNICIEN,Votre autonomie terrain est un vrai atout pour l equipe.
TECHNICIEN,La resolution du ticket complexe est tres satisfaisante.
TECHNICIEN,Merci pour votre disponibilite sur les astreintes.
TECHNICIEN,Votre suivi des incidents recurrents est efficace.
TECHNICIEN,Le nettoyage de site apres intervention est apprecié.
TECHNICIEN,Votre discipline reduit les risques de reouverture.
TECHNICIEN,La qualite de soudure est stable et professionelle.
TECHNICIEN,Votre posture client renforce la confiance.
TECHNICIEN,Les tests de validation ont ete menes avec rigueur.
TECHNICIEN,Le diagnostic initial a ete juste du premier coup.
TECHNICIEN,Vous tenez un tres bon rythme d execution.
TECHNICIEN,Votre engagement terrain est remarquable.
RESPONSABLE,La coordination multi equipes est fluide et efficace.
RESPONSABLE,Le pilotage des priorites ameliore le taux de resolution.
RESPONSABLE,Les objectifs de la semaine avancent selon le plan.
RESPONSABLE,La communication avec le NOC est bien structurée.
RESPONSABLE,La charge operationnelle est correctement distribuée.
RESPONSABLE,Le suivi de performance est precis et actionnable.
RESPONSABLE,Votre organisation limite les retards d intervention.
RESPONSABLE,Les revues quotidiennes apportent de la clarte.
RESPONSABLE,La gestion des urgences est reactif et maitrisée.
RESPONSABLE,Les tableaux de pilotage aident a bien prioriser.
RESPONSABLE,La disponibilite des techniciens est bien anticipee.
RESPONSABLE,Les plans correctifs sont appliques avec regularite.
RESPONSABLE,Le niveau de service client progresse durablement.
RESPONSABLE,Le suivi des causes racines est pertinent.
RESPONSABLE,La qualite des decisions terrain est en hausse.
RESPONSABLE,Votre management favorise la responsabilisation.
RESPONSABLE,Les escalades critiques sont bien traitees.
RESPONSABLE,La supervision des zones sensibles est rigoureuse.
RESPONSABLE,Les objectifs mensuels restent atteignables.
RESPONSABLE,La collaboration inter services est productive.
RESPONSABLE,Votre cadence de suivi maintient la performance.
RESPONSABLE,Le pilotage de crise est solide et rassurant.
RESPONSABLE,La qualite de reporting aide les arbitrages.
RESPONSABLE,La dynamique equipe est constructive et stable.
RESPONSABLE,Votre leadership structure les operations.
CLIENT,Votre ligne est stable et suivie en continu.
CLIENT,Nous restons attentifs pour garantir votre confort digital.
CLIENT,Merci pour votre patience et votre confiance.
CLIENT,La qualite de connexion est bonne sur votre secteur.
CLIENT,Nos equipes restent disponibles en cas de besoin.
CLIENT,Nous surveillons les performances de votre acces fibre.
CLIENT,Votre experience en ligne est notre priorite.
CLIENT,Le service est operationnel et sous surveillance active.
CLIENT,Nous mettons tout en oeuvre pour une connexion fiable.
CLIENT,La continuité de service est suivie en permanence.
CLIENT,Nos interventions visent un retablissement rapide.
CLIENT,Merci pour votre fidelite a notre reseau FTTH.
CLIENT,Votre acces internet est optimise pour vos usages.
CLIENT,Nous travaillons chaque jour pour ameliorer la qualite.
CLIENT,Notre assistance reste joignable a tout moment.
CLIENT,La stabilite de votre reseau domestique est suivie.
CLIENT,Nous priorisons votre satisfaction sur chaque action.
CLIENT,Le niveau de service reste conforme a nos engagements.
CLIENT,Votre connexion est monitorée pour prevenir les coupures.
CLIENT,Nous veillons a une experience de navigation fluide.
CLIENT,Les performances de votre ligne sont sous controle.
CLIENT,Merci de nous faire confiance au quotidien.
CLIENT,Nous assurons un accompagnement de proximite.
CLIENT,Votre service internet est entre de bonnes mains.
CLIENT,Nous restons mobilises pour votre tranquillite numerique.
ADMIN,Les controles de conformite sont valides sur les zones critiques.
ADMIN,La supervision centralisee apporte une vision claire des risques.
ADMIN,Les incidents reseau sont traites dans les delais cibles.
ADMIN,Les equipes techniques maintiennent un excellent niveau de service.
ADMIN,Le plan de maintenance limite efficacement les interruptions.
ADMIN,La qualite percue client progresse grace a vos actions.
ADMIN,Le pilotage des operations est stable et performant.
ADMIN,Les indicateurs SLA restent dans une zone de confiance.
ADMIN,Les points de saturation sont anticipes a temps.
ADMIN,Le suivi des equipements critiques est exemplaire.
ADMIN,La fiabilite de la plateforme reste tres satisfaisante.
ADMIN,Les actions previsionnelles reduisent les incidents repetitifs.
ADMIN,Le reseau conserve une excellente continuite de service.
ADMIN,La vigilance operationnelle est constante et efficace.
ADMIN,Les periodes de pointe sont bien absorbees par l infrastructure.
ADMIN,Le niveau de resilience reseau est tres bon.
ADMIN,Les correctifs de stabilite portent leurs fruits.
ADMIN,La qualite de supervision est reconnue par les equipes.
ADMIN,Les flux sensibles sont surveilles de maniere proactive.
ADMIN,Le service reste robuste sur l ensemble des zones.
ADMIN,Les operations sont alignees avec les objectifs qualite.
ADMIN,Le niveau de maitrise technique est excellent.
ADMIN,Le reporting montre une baisse durable des incidents.
ADMIN,Les capacites reseau restent adaptees a la demande.
ADMIN,La gestion des risques est appliquee avec rigueur.
TECHNICIEN,Votre intervention preventive a evite une panne majeure.
TECHNICIEN,La qualite de mesure optique est tres satisfaisante.
TECHNICIEN,Votre ponctualite facilite la coordination des equipes.
TECHNICIEN,Le traitement des tickets urgents est bien priorise.
TECHNICIEN,Vous assurez un travail propre et durable sur site.
TECHNICIEN,La remise en conformite a ete executee sans erreur.
TECHNICIEN,Votre respect des standards est constant.
TECHNICIEN,Le suivi post intervention est tres professionnel.
TECHNICIEN,Votre compte rendu detaille accelere les validations.
TECHNICIEN,Vous avez bien securise la zone d intervention.
TECHNICIEN,La qualite de service client sur site est excellente.
TECHNICIEN,Votre execution rapide diminue le temps d indisponibilite.
TECHNICIEN,Les tests de continuité ont ete conduits avec precision.
TECHNICIEN,La correction du defaut est proprement finalisee.
TECHNICIEN,Vous avez bien anticipe les contraintes du terrain.
TECHNICIEN,La reprise du service a ete immediate apres intervention.
TECHNICIEN,Votre rigueur limite les reprises d intervention.
TECHNICIEN,Le cablage final respecte parfaitement les normes.
TECHNICIEN,Vous gerez tres bien les contraintes horaires.
TECHNICIEN,Le client a apprecie la clarte de vos explications.
TECHNICIEN,Votre maitrise des incidents complexes est remarquable.
TECHNICIEN,Les operations terrain sont executees avec constance.
TECHNICIEN,Votre attention au detail renforce la fiabilite globale.
TECHNICIEN,Le diagnostic complet a permis une resolution durable.
TECHNICIEN,Merci pour votre constance et votre professionnalisme.
RESPONSABLE,La planification hebdomadaire est precise et efficace.
RESPONSABLE,La priorisation des tickets critiques est bien menee.
RESPONSABLE,Votre suivi quotidien fluidifie la production.
RESPONSABLE,Les delais de cloture sont en nette amelioration.
RESPONSABLE,La gestion des ressources est equilibree et pertinente.
RESPONSABLE,Le pilotage des astreintes est bien structure.
RESPONSABLE,Les techniciens disposent d objectifs clairs et atteignables.
RESPONSABLE,Le niveau de collaboration inter equipe est tres bon.
RESPONSABLE,Les routines de suivi apportent de la regularite.
RESPONSABLE,La communication vers les parties prenantes est limpide.
RESPONSABLE,La qualite d execution terrain est en progression.
RESPONSABLE,Les analyses post incident sont bien exploitees.
RESPONSABLE,Le suivi des actions correctives est exemplaire.
RESPONSABLE,Les performances de la zone sont bien pilotées.
RESPONSABLE,La gestion des imprevus est maitrisee efficacement.
RESPONSABLE,Les objectifs de qualite restent bien tenus.
RESPONSABLE,Votre accompagnement renforce la motivation des equipes.
RESPONSABLE,La reduction du backlog est reguliere et mesurable.
RESPONSABLE,Les arbitrages operationnels sont coherents.
RESPONSABLE,Le suivi de charge permet une meilleure anticipation.
RESPONSABLE,La relation client est bien prise en compte.
RESPONSABLE,Les indicateurs de satisfaction progressent durablement.
RESPONSABLE,Le cadre de travail est bien organise et productif.
RESPONSABLE,La supervision des urgences est efficace.
RESPONSABLE,Votre pilotage donne de la visibilite a toute l equipe.
CLIENT,Votre connexion reste stable meme en heures de pointe.
CLIENT,Nous suivons votre ligne pour maintenir un service fiable.
CLIENT,La qualite de votre acces internet est notre engagement.
CLIENT,Nos equipes surveillent activement les performances du reseau.
CLIENT,Vous beneficiez d un accompagnement continu de nos services.
CLIENT,Nous mettons la stabilite de votre connexion en priorite.
CLIENT,Votre experience numerique est suivie avec attention.
CLIENT,Nous faisons evoluer le reseau pour mieux vous servir.
CLIENT,Le service client reste mobilise pour vous assister.
CLIENT,Nos interventions visent une qualite durable.
CLIENT,Nous prevenons les incidents pour garantir votre confort.
CLIENT,Votre acces FTTH est maintenu avec un haut niveau de fiabilite.
CLIENT,Merci pour votre confiance renouvelée chaque jour.
CLIENT,Nous restons disponibles pour toute assistance technique.
CLIENT,La continuite de votre service reste notre objectif principal.
CLIENT,Nos equipes veillent a la performance de votre ligne.
CLIENT,Le reseau est optimise pour vos usages quotidiens.
CLIENT,Nous travaillons a reduire tout risque de coupure.
CLIENT,Votre connexion beneficie d une surveillance proactive.
CLIENT,Le service est suivi pour assurer une navigation fluide.
CLIENT,Nous restons a votre ecoute pour ameliorer votre experience.
CLIENT,La qualite de votre acces est controlee en continu.
CLIENT,Vous pouvez compter sur un service stable et reactif.
CLIENT,Nos experts reseau s assurent de la fiabilite globale.
CLIENT,Votre satisfaction guide nos actions au quotidien.
ADMIN,La supervision journaliere permet une detection precoce des anomalies.
ADMIN,Les performances des liens critiques restent tres stables.
ADMIN,Le taux de tickets resolus dans les delais est excellent.
ADMIN,Les opérations de maintenance sont executees sans impact client.
ADMIN,La gouvernance de la qualite reseau est bien appliquee.
ADMIN,Le pilotage des alertes favorise une reponse rapide.
ADMIN,La trajectoire de disponibilité reste conforme aux objectifs.
ADMIN,Les zones sensibles font l objet d un suivi renforcé.
ADMIN,Les mécanismes de secours sont vérifiés régulierement.
ADMIN,Le controle de capacite evite les dégradations de service.
ADMIN,Les incidents de niveau eleve diminuent semaine apres semaine.
ADMIN,La coordination NOC terrain fonctionne tres bien.
ADMIN,Le plan d amelioration continue produit des effets visibles.
ADMIN,Les indicateurs de stabilite sont meilleurs que prevu.
ADMIN,Le réseau reste performant sur tous les segments.
ADMIN,Les operations critiques sont securisees et tracées.
ADMIN,Le niveau de maturite operationnelle est eleve.
ADMIN,La resilience de l infrastructure est bien consolidee.
ADMIN,Les equipes tiennent un niveau d execution remarquable.
ADMIN,La continuité de service est maintenue avec discipline.
TECHNICIEN,Votre intervention a retabli le service dans un tres bon delai.
TECHNICIEN,La qualite du raccordement valide une execution soignee.
TECHNICIEN,Vous avez bien applique les controles de fin de chantier.
TECHNICIEN,Le signal optique apres correction est excellent.
TECHNICIEN,La gestion de priorite sur le terrain est tres efficace.
TECHNICIEN,Votre methode de diagnostic est fiable et rapide.
TECHNICIEN,La resolution au premier passage est tres appreciée.
TECHNICIEN,Merci pour votre vigilance sur les details techniques.
TECHNICIEN,Le respect des bonnes pratiques est constant.
TECHNICIEN,Votre intervention reduit les risques de rechute.
TECHNICIEN,La qualite de communication avec le client est exemplaire.
TECHNICIEN,Le suivi de ticket est complet et bien documente.
TECHNICIEN,Vous maintenez un excellent standard de qualite.
TECHNICIEN,La prise en charge des incidents est tres reactive.
TECHNICIEN,Votre travail terrain securise la disponibilite du service.
TECHNICIEN,Le soin apporte a l installation est remarquable.
TECHNICIEN,Votre execution est precise meme sous contrainte.
TECHNICIEN,Le client a constate une nette amelioration du service.
TECHNICIEN,La verification des connecteurs a ete faite avec rigueur.
TECHNICIEN,Merci pour votre implication continue sur les interventions.
RESPONSABLE,Le suivi des objectifs operationnels est tres bien mene.
RESPONSABLE,La priorisation des actions critiques est pertinente.
RESPONSABLE,La coordination quotidienne renforce l efficacite collective.
RESPONSABLE,Les delais de traitement s ameliorent durablement.
RESPONSABLE,Votre encadrement favorise la qualite d execution.
RESPONSABLE,Les revues de performance aident a mieux anticiper.
RESPONSABLE,Le pilotage des risques est coherent et regulier.
RESPONSABLE,La gestion des pics d activite est bien maitrisee.
RESPONSABLE,Les plans de charge sont bien equilibres.
RESPONSABLE,La communication avec les clients est bien structuree.
RESPONSABLE,La visibilite des priorites est claire pour tous.
RESPONSABLE,Votre suivi terrain soutient la regularite des resultats.
RESPONSABLE,Les incidents repetitifs sont en baisse notable.
RESPONSABLE,Le cadre de decision est rapide et efficace.
RESPONSABLE,La gestion des escalades est exemplaire.
RESPONSABLE,Les routines de pilotage sont bien ancrees.
RESPONSABLE,La performance globale de la zone est en hausse.
RESPONSABLE,Les equipes restent engagees grace a votre management.
RESPONSABLE,Le backlog est traite avec une bonne cadence.
RESPONSABLE,Votre strategie operationnelle reste tres solide.
CLIENT,Nous surveillons activement votre connexion pour plus de stabilite.
CLIENT,Votre service internet est suivi en continu par nos equipes.
CLIENT,Nous renforçons la fiabilite pour une meilleure experience.
CLIENT,Nos actions visent a proteger la qualite de votre acces.
CLIENT,Votre ligne beneficie d un suivi technique proactif.
CLIENT,Nous restons mobilises pour maintenir votre confort numerique.
CLIENT,La performance de votre connexion est controlee regulierement.
CLIENT,Notre priorite est de vous offrir un service stable.
CLIENT,Nous traitons rapidement les signaux de degradation potentielle.
CLIENT,Votre confiance nous motive a maintenir un haut niveau de qualite.
CLIENT,Nos equipes sont engagees pour limiter tout incident.
CLIENT,La disponibilite de votre service est une priorite permanente.
CLIENT,Nous suivons les indicateurs reseau pour prevenir les coupures.
CLIENT,Votre connexion FTTH est maintenue avec attention.
CLIENT,Nous améliorons continuellement nos services pour vous satisfaire.
CLIENT,Le reseau est ajuste pour mieux repondre a vos besoins.
CLIENT,Nous restons proches de vous pour toute assistance.
CLIENT,Votre experience de navigation reste au coeur de nos efforts.
CLIENT,Nos techniciens sont prets a intervenir en cas de besoin.
CLIENT,Nous faisons le necessaire pour un service fluide et fiable.
ADMIN,La supervision proactive maintient un niveau de service eleve.
ADMIN,Les operations reseau restent stables sur l ensemble du perimetre.
ADMIN,La qualite des interventions preventives est tres satisfaisante.
ADMIN,Le pilotage des alertes reduit les delais de resolution.
ADMIN,Les indicateurs de fiabilite confirment une tendance positive.
ADMIN,La coordination technique garantit une exploitation sereine.
ADMIN,Les controles quotidiens preservent la continuite de service.
ADMIN,Le reseau reste robuste face aux variations de charge.
ADMIN,Les plans correctifs sont executes avec rigueur.
ADMIN,La gouvernance operationnelle soutient la performance globale.
ADMIN,Les incidents critiques sont anticipes et bien maitrises.
ADMIN,La supervision multi-sites assure une vision precise.
ADMIN,Les actions de stabilisation montrent des gains concrets.
ADMIN,Le service FTTH conserve une excellente disponibilite.
ADMIN,La qualite de pilotage permet des decisions rapides.
ADMIN,Les equipements coeur de reseau fonctionnent de maniere optimale.
ADMIN,Le suivi des seuils de performance est exemplaire.
ADMIN,La capacite reseau est alignee avec les besoins clients.
ADMIN,Les revues techniques renforcent la prevention des pannes.
ADMIN,Le pilotage de crise est structure et efficace.
ADMIN,Les tendances de charge restent sous controle.
ADMIN,La maitrise operationnelle est maintenue a un haut niveau.
ADMIN,Les operations reseau avancent avec constance.
ADMIN,Le suivi des KPI permet un ajustement continu.
ADMIN,La prevention active limite les interruptions non planifiees.
ADMIN,Les performances reseau sont stables sur la duree.
ADMIN,Le pilotage de la qualite favorise la satisfaction client.
ADMIN,Les procedures de supervision sont appliquees avec discipline.
ADMIN,La continuite d activite est bien securisee.
ADMIN,Le niveau de service demeure conforme aux engagements.
TECHNICIEN,Vous avez traite l intervention avec precision et rapidite.
TECHNICIEN,La qualite de raccordement est conforme aux standards.
TECHNICIEN,Votre verification finale garantit une mise en service fiable.
TECHNICIEN,Le diagnostic terrain a ete tres bien mene.
TECHNICIEN,Votre rigueur reduit le risque de panne recurrente.
TECHNICIEN,Les controles de signal ont ete realises avec soin.
TECHNICIEN,Le client a beneficie d une resolution claire et rapide.
TECHNICIEN,Votre securisation du site est exemplaire.
TECHNICIEN,La qualite de cablage est propre et durable.
TECHNICIEN,Vous maintenez un excellent niveau de professionnalisme.
TECHNICIEN,La priorisation des urgences est tres bien executee.
TECHNICIEN,Votre compte rendu facilite le suivi technique.
TECHNICIEN,Le retablissement du service a ete efficace.
TECHNICIEN,Vous appliquez les bonnes pratiques avec constance.
TECHNICIEN,La finition de l intervention est tres soignee.
TECHNICIEN,Votre reactivite sur incident est remarquable.
TECHNICIEN,Le client a apprecie votre ecoute et vos explications.
TECHNICIEN,La qualite des tests post intervention est excellente.
TECHNICIEN,Vous avez bien anticipe les contraintes de terrain.
TECHNICIEN,La reprise de service est stable apres votre passage.
TECHNICIEN,Votre execution limite les reouvertures de ticket.
TECHNICIEN,La resolution technique a ete parfaitement documentee.
TECHNICIEN,Merci pour votre engagement sur les dossiers complexes.
TECHNICIEN,Votre expertise contribue directement a la stabilite reseau.
TECHNICIEN,La gestion des delais intervention est tres satisfaisante.
TECHNICIEN,Vous gardez une qualite constante sur chaque mission.
TECHNICIEN,Le niveau de service rendu au client est excellent.
TECHNICIEN,Votre discipline operationnelle est un vrai atout.
TECHNICIEN,La fiabilisation du lien a ete bien realisee.
TECHNICIEN,Votre intervention renforce la qualite globale du reseau.
RESPONSABLE,La planification equipe est bien calibree sur les priorites.
RESPONSABLE,Le suivi des interventions soutient une execution reguliere.
RESPONSABLE,Votre coordination fluidifie les operations terrain.
RESPONSABLE,Les indicateurs hebdomadaires evoluent favorablement.
RESPONSABLE,La maitrise du backlog est en progression continue.
RESPONSABLE,Les objectifs de performance restent atteignables.
RESPONSABLE,Le pilotage des urgences est bien structure.
RESPONSABLE,La communication inter-equipes est efficace.
RESPONSABLE,Votre arbitrage optimise la charge operationnelle.
RESPONSABLE,Le suivi qualite renforce la fiabilite des livrables.
RESPONSABLE,Les revues journali�res apportent de la clarte.
RESPONSABLE,La dynamique collective est bien entretenue.
RESPONSABLE,Le traitement des escalades est pertinent et rapide.
RESPONSABLE,La priorisation des incidents critiques est maitrisee.
RESPONSABLE,Les tableaux de bord soutiennent de bonnes decisions.
RESPONSABLE,La supervision de zone reste stable et proactive.
RESPONSABLE,Le rythme de cloture des tickets est satisfaisant.
RESPONSABLE,La gestion de capacite equipe est coherente.
RESPONSABLE,Les plans d action sont suivis avec rigueur.
RESPONSABLE,Votre leadership favorise une execution fiable.
RESPONSABLE,Les resultats operationnels montrent une bonne regularite.
RESPONSABLE,La qualite client est bien integree au pilotage.
RESPONSABLE,La charge des techniciens est mieux equilibree.
RESPONSABLE,Le suivi des causes racines est pertinent.
RESPONSABLE,La coordination NOC terrain produit de bons resultats.
RESPONSABLE,La prevention des retards est bien geree.
RESPONSABLE,Les routines d exploitation sont bien maitrisees.
RESPONSABLE,Votre management soutient la performance durable.
RESPONSABLE,La visibilite des priorites est nette pour toute l equipe.
RESPONSABLE,Le niveau de service de la zone reste solide.
CLIENT,Nous suivons votre connexion pour garantir une qualite stable.
CLIENT,Nos equipes veillent au bon fonctionnement de votre acces.
CLIENT,Votre service internet est maintenu avec attention.
CLIENT,Nous faisons le necessaire pour prevenir les interruptions.
CLIENT,La qualite de votre ligne est surveillee en continu.
CLIENT,Nous restons disponibles pour vous accompagner au quotidien.
CLIENT,Votre confort numerique est notre priorite constante.
CLIENT,Le reseau est optimise pour une navigation fluide.
CLIENT,Nous restons mobilises pour un service fiable.
CLIENT,Votre acces FTTH est suivi par nos experts reseau.
CLIENT,Nous maintenons un haut niveau de disponibilité service.
CLIENT,Votre experience client guide nos ameliorations continues.
CLIENT,Nos actions techniques renforcent la stabilite de votre ligne.
CLIENT,Nous assurons un suivi proactif de votre connexion.
CLIENT,Votre service beneficie d une surveillance permanente.
CLIENT,Nous vous remercions pour votre confiance durable.
CLIENT,Le reseau est ajuste pour mieux repondre a vos usages.
CLIENT,Nous intervenons rapidement en cas de degradation.
CLIENT,Votre satisfaction reste au centre de nos priorites.
CLIENT,La continuite de service est suivie avec rigueur.
CLIENT,Nos equipes techniques sont engagees a vos cotes.
CLIENT,Nous visons une qualite de connexion exemplaire.
CLIENT,Votre ligne est maintenue a un bon niveau de performance.
CLIENT,Nous monitorons le reseau pour reduire les risques de coupure.
CLIENT,Votre connexion est entre de bonnes mains.
CLIENT,Nous oeuvrons chaque jour pour ameliorer votre experience.
CLIENT,Le service est suivi pour garantir une stabilite durable.
CLIENT,Nos techniciens sont prets a vous assister rapidement.
CLIENT,Nous prote�geons la qualite de votre acces internet.
CLIENT,Votre tranquillite numerique est un engagement fort.
ADMIN,Le suivi d exploitation confirme un reseau bien maitrise.
ADMIN,Les routines de controle prevennent les incidents critiques.
ADMIN,La performance globale reste conforme aux attentes.
ADMIN,Les equipes operationnelles maintiennent un bon niveau.
ADMIN,La surveillance active reduit les risques de saturation.
ADMIN,Le pilotage des operations favorise une stabilite durable.
ADMIN,Les alertes techniques sont traitees avec rapidite.
ADMIN,La disponibilite du service reste tres satisfaisante.
ADMIN,Les chantiers de fiabilisation avancent efficacement.
ADMIN,La qualite de supervision est constante.
TECHNICIEN,Votre professionnalisme sur site rassure les clients.
TECHNICIEN,La qualite de pose est nette et bien controlee.
TECHNICIEN,Le traitement de panne a ete efficace du premier coup.
TECHNICIEN,Votre vigilance technique limite les incidents futurs.
TECHNICIEN,La remise en conformite a ete executee sans retard.
TECHNICIEN,Votre intervention a rendu la connexion stable.
TECHNICIEN,Le controle final est complet et fiable.
TECHNICIEN,Vous gardez un excellent rythme de resolution.
TECHNICIEN,La qualite de service apres intervention est tres bonne.
TECHNICIEN,Merci pour votre implication continue.
RESPONSABLE,La qualite des resultats equipe reste tres solide.
RESPONSABLE,Le suivi des engagements operationnels est rigoureux.
RESPONSABLE,La cadence des interventions est bien tenue.
RESPONSABLE,La gestion des priorites est claire et efficace.
RESPONSABLE,Les performances de zone progressent durablement.
RESPONSABLE,Votre pilotage favorise une execution maitrisee.
RESPONSABLE,La communication avec le terrain est fluide.
RESPONSABLE,Les objectifs mensuels restent sous controle.
RESPONSABLE,Le suivi qualite permet des ajustements rapides.
RESPONSABLE,Votre coordination soutient la satisfaction client.
CLIENT,Merci pour votre confiance nous restons a vos cotes.
CLIENT,Votre connexion est suivie pour rester performante.
CLIENT,Nos services visent une experience stable et rapide.
CLIENT,Nous monitorons votre acces pour anticiper les incidents.
CLIENT,Votre qualite de service est notre priorite quotidienne.
CLIENT,Nous restons disponibles pour toute demande d assistance.
CLIENT,Le reseau est maintenu pour un usage confortable.
CLIENT,Nos equipes techniques assurent un suivi attentif.
CLIENT,Votre service est gere avec exigence et fiabilite.
CLIENT,Nous travaillons pour une connexion toujours plus fiable.
